<?xml version="1.0" encoding="UTF-8"?>

<Email_data xmlns:xs="http://www.w3.org/2001/XMLSchema-instance" 
xs:noNamespaceSchemaLocation="Email_data.xsd">

	<data>
		<From>rahul.sawant@capgemini.com</From>
		<CC>akshay.kadu@capgemini.com</CC>
		<BCC>gaurav.kadam@capgemini.com</BCC>
		<Subject>change in KYC</Subject>
		<Body>request permission for change in KYC </Body>
	</data>
	
	<data>
		<From>rohit.mungekar@capgemini.com</From>
		<CC>siddhesh.patade@capgemini.com</CC>
		<BCC>raj.patil@capgemini.com</BCC>
		<Subject>resource request</Subject>
		<Body>request for resource request</Body>
	</data>
	
</Email_data>