<?xml version="1.0" encoding="utf-8"?>

<EmployeeDetails xmlns:xsi="http://www.w3.org/2001/XMLSchema-instance">
    
    <employee>
	<employee_code>1111</employee_code>
	<EmployeeName>
		<FirstName>Seema</FirstName>
		<LastName>Dalvi</LastName>
	</EmployeeName>
	<DOJ>09/08/97</DOJ>
	<Total_Experience>12</Total_Experience>
	<Department>
		<Unit>3rd</Unit>
		<loc>Mumbai</loc>
	</Department>
	<Designation>
		<1></1>
		<2></2>
		<3></3>
		<4>*</4>
		<5></5>
	</Designation>
	<sal>21000</sal>
	<Grade>
		<a></a>
		<b>*</b>
		<c></c>
		<d></d>
	</Grade>
	</employee>
   
    <employee>
	<employee_code>222</employee_code>
	<EmployeeName>
		<FirstName>Bharati</FirstName>
		<LastName>Mantri</LastName>
	</EmployeeName>
	<DOJ>21/01/99</DOJ>
	<Total_Experience>5</Total_Experience>
	<Department>
		<Unit>34a</Unit>
		<loc>Pune</loc>
	</Department>
	<Designation>
		<1></1>
		<2>*</2>
		<3></3>
		<4></4>
		<5></5>
	</Designation>
	<sal>12000</sal>
	<Grade>
		<a>*</a>
		<b></b>
		<c></c>
		<d></d>
	</Grade>
	</employee>
   
 </EmployeeDetails>  
   
   
</EmployeeDetails>